<?xml version="1.0" encoding="UTF-8"?>
<project-private xmlns="http://www.netbeans.org/ns/project-private/1">
    <editor-bookmarks xmlns="http://www.netbeans.org/ns/editor-bookmarks/2" lastBookmarkId="1">
        <file>
            <url>UI/Registration.html</url>
            <bookmark id="1">
                <name/>
                <line>0</line>
                <key/>
            </bookmark>
        </file>
    </editor-bookmarks>
    <open-files xmlns="http://www.netbeans.org/ns/projectui-open-files/2">
        <group>
            <file>file:/C:/xampp/xampp/htdocs/Assignment/DA/CustDA.php</file>
            <file>file:/C:/xampp/xampp/htdocs/Assignment/UI/Forgot.html</file>
            <file>file:/C:/xampp/xampp/htdocs/Assignment/DA/connectionDA.php</file>
            <file>file:/C:/xampp/xampp/htdocs/Assignment/profile.xsl</file>
            <file>file:/C:/xampp/xampp/htdocs/Assignment/Domain/Staff.php</file>
            <file>file:/C:/xampp/xampp/htdocs/Assignment/UI/registerStaff.html</file>
            <file>file:/C:/xampp/xampp/htdocs/Assignment/UI/Registration.html</file>
            <file>file:/C:/xampp/xampp/htdocs/Assignment/Domain/Customer.php</file>
            <file>file:/C:/xampp/xampp/htdocs/Assignment/Domain/Forgot.php</file>
            <file>file:/C:/xampp/xampp/htdocs/Assignment/index.php</file>
            <file>file:/C:/xampp/xampp/htdocs/Assignment/Domain/process_login.php</file>
            <file>file:/C:/xampp/xampp/htdocs/Assignment/UI/Login.php</file>
            <file>file:/C:/xampp/xampp/htdocs/Assignment/login.xml</file>
            <file>file:/C:/xampp/xampp/htdocs/Assignment/Domain/updatePass.php</file>
            <file>file:/C:/xampp/xampp/htdocs/Assignment/Domain/UserDetails.php</file>
            <file>file:/C:/xampp/xampp/htdocs/Assignment/UI/ResetPassword.php</file>
            <file>file:/C:/xampp/xampp/htdocs/Assignment/Domain/User.php</file>
            <file>file:/C:/xampp/xampp/htdocs/Assignment/DA/StaffDA.php</file>
            <file>file:/C:/xampp/xampp/htdocs/Assignment/UI/registerCheck.php</file>
            <file>file:/C:/xampp/xampp/htdocs/Assignment/Domain/process_registration.php</file>
        </group>
    </open-files>
</project-private>
